{
  "0": {
    "precision": 0.9361702127659575,
    "recall": 0.9361702127659575,
    "f1-score": 0.9361702127659575,
    "support": 282.0
  },
  "1": {
    "precision": 0.918552036199095,
    "recall": 0.918552036199095,
    "f1-score": 0.918552036199095,
    "support": 221.0
  },
  "accuracy": 0.9284294234592445,
  "macro avg": {
    "precision": 0.9273611244825262,
    "recall": 0.9273611244825262,
    "f1-score": 0.9273611244825262,
    "support": 503.0
  },
  "weighted avg": {
    "precision": 0.9284294234592445,
    "recall": 0.9284294234592445,
    "f1-score": 0.9284294234592445,
    "support": 503.0
  }
}